{
  "losses": [
    0.03586837824653177,
    0.03316635244032916,
    0.01852130363969242,
    0.018673626815571505,
    0.011619730907327989,
    0.01086697420653175,
    0.004932924666825463,
    0.007417073144632227,
    0.00790297459153568,
    0.006634292795377619,
    0.005525991758879493,
    0.002732434474370059,
    0.0045979649705045365,
    0.01014822195557987,
    0.005210094153881073,
    0.0025271578308414012,
    0.004066632951007169,
    0.00334189656902762,
    0.004913046079523423,
    0.005743439583217397
  ],
  "metrics": {
    "both": {
      "optimistic": {
        "adjusted_arithmetic_mean_rank": 0.24512534818941506,
        "adjusted_arithmetic_mean_rank_index": 0.9312714776632303,
        "adjusted_geometric_mean_rank_index": 0.932925195354791,
        "adjusted_hits_at_k": 0.0,
        "adjusted_inverse_harmonic_mean_rank": 0.7892075374477272,
        "arithmetic_mean_rank": 1.2941176470588236,
        "count": 68.0,
        "geometric_mean_rank": 1.2261348432599308,
        "harmonic_mean_rank": 1.1724137931034482,
        "hits_at_1": 0.7058823529411765,
        "hits_at_10": 1.0,
        "hits_at_3": 1.0,
        "hits_at_5": 1.0,
        "inverse_arithmetic_mean_rank": 0.7727272727272727,
        "inverse_geometric_mean_rank": 0.815570983482775,
        "inverse_harmonic_mean_rank": 0.8529411764705883,
        "inverse_median_rank": 1.0,
        "median_absolute_deviation": 0.0,
        "median_rank": 1.0,
        "standard_deviation": 0.45564509955381377,
        "variance": 0.20761245674740486,
        "z_arithmetic_mean_rank": 11.95911568246264,
        "z_geometric_mean_rank": 8.648861333575532,
        "z_hits_at_k": 0.0,
        "z_inverse_harmonic_mean_rank": 17.093203413868927
      },
      "pessimistic": {
        "adjusted_arithmetic_mean_rank": 0.24512534818941506,
        "adjusted_arithmetic_mean_rank_index": 0.9312714776632303,
        "adjusted_geometric_mean_rank_index": 0.932925195354791,
        "adjusted_hits_at_k": 0.0,
        "adjusted_inverse_harmonic_mean_rank": 0.7892075374477272,
        "arithmetic_mean_rank": 1.2941176470588236,
        "count": 68.0,
        "geometric_mean_rank": 1.2261348432599308,
        "harmonic_mean_rank": 1.1724137931034482,
        "hits_at_1": 0.7058823529411765,
        "hits_at_10": 1.0,
        "hits_at_3": 1.0,
        "hits_at_5": 1.0,
        "inverse_arithmetic_mean_rank": 0.7727272727272727,
        "inverse_geometric_mean_rank": 0.815570983482775,
        "inverse_harmonic_mean_rank": 0.8529411764705883,
        "inverse_median_rank": 1.0,
        "median_absolute_deviation": 0.0,
        "median_rank": 1.0,
        "standard_deviation": 0.45564509955381377,
        "variance": 0.20761245674740486,
        "z_arithmetic_mean_rank": 11.95911568246264,
        "z_geometric_mean_rank": 8.648861333575532,
        "z_hits_at_k": 0.0,
        "z_inverse_harmonic_mean_rank": 17.093203413868927
      },
      "realistic": {
        "adjusted_arithmetic_mean_rank": 0.2451253561588383,
        "adjusted_arithmetic_mean_rank_index": 0.9312714678315364,
        "adjusted_geometric_mean_rank_index": 0.9329251796287659,
        "adjusted_hits_at_k": 0.0,
        "adjusted_inverse_harmonic_mean_rank": 0.7892075374477272,
        "arithmetic_mean_rank": 1.2941176891326904,
        "count": 68.0,
        "geometric_mean_rank": 1.2261348962783813,
        "harmonic_mean_rank": 1.1724137931034482,
        "hits_at_1": 0.7058823529411765,
        "hits_at_10": 1.0,
        "hits_at_3": 1.0,
        "hits_at_5": 1.0,
        "inverse_arithmetic_mean_rank": 0.7727272510528564,
        "inverse_geometric_mean_rank": 0.8155709505081177,
        "inverse_harmonic_mean_rank": 0.8529411764705883,
        "inverse_median_rank": 1.0,
        "median_absolute_deviation": 0.0,
        "median_rank": 1.0,
        "standard_deviation": 0.4556450843811035,
        "variance": 0.20761243999004364,
        "z_arithmetic_mean_rank": 11.959115556206903,
        "z_geometric_mean_rank": 8.64886118778441,
        "z_hits_at_k": 0.0,
        "z_inverse_harmonic_mean_rank": 17.093203413868927
      }
    },
    "head": {
      "optimistic": {
        "adjusted_arithmetic_mean_rank": 0.2458100558659218,
        "adjusted_arithmetic_mean_rank_index": 0.9310344827586208,
        "adjusted_geometric_mean_rank_index": 0.9329990383757885,
        "adjusted_hits_at_k": 0.0,
        "adjusted_inverse_harmonic_mean_rank": 0.7890168968813573,
        "arithmetic_mean_rank": 1.2941176470588236,
        "count": 34.0,
        "geometric_mean_rank": 1.2261348432599308,
        "harmonic_mean_rank": 1.1724137931034482,
        "hits_at_1": 0.7058823529411765,
        "hits_at_10": 1.0,
        "hits_at_3": 1.0,
        "hits_at_5": 1.0,
        "inverse_arithmetic_mean_rank": 0.7727272727272727,
        "inverse_geometric_mean_rank": 0.815570983482775,
        "inverse_harmonic_mean_rank": 0.8529411764705883,
        "inverse_median_rank": 1.0,
        "median_absolute_deviation": 0.0,
        "median_rank": 1.0,
        "standard_deviation": 0.45564509955381377,
        "variance": 0.20761245674740486,
        "z_arithmetic_mean_rank": 8.45126652897822,
        "z_geometric_mean_rank": 6.1389225828023095,
        "z_hits_at_k": 0.0,
        "z_inverse_harmonic_mean_rank": 12.06510372157643
      },
      "pessimistic": {
        "adjusted_arithmetic_mean_rank": 0.2458100558659218,
        "adjusted_arithmetic_mean_rank_index": 0.9310344827586208,
        "adjusted_geometric_mean_rank_index": 0.9329990383757885,
        "adjusted_hits_at_k": 0.0,
        "adjusted_inverse_harmonic_mean_rank": 0.7890168968813573,
        "arithmetic_mean_rank": 1.2941176470588236,
        "count": 34.0,
        "geometric_mean_rank": 1.2261348432599308,
        "harmonic_mean_rank": 1.1724137931034482,
        "hits_at_1": 0.7058823529411765,
        "hits_at_10": 1.0,
        "hits_at_3": 1.0,
        "hits_at_5": 1.0,
        "inverse_arithmetic_mean_rank": 0.7727272727272727,
        "inverse_geometric_mean_rank": 0.815570983482775,
        "inverse_harmonic_mean_rank": 0.8529411764705883,
        "inverse_median_rank": 1.0,
        "median_absolute_deviation": 0.0,
        "median_rank": 1.0,
        "standard_deviation": 0.45564509955381377,
        "variance": 0.20761245674740486,
        "z_arithmetic_mean_rank": 8.45126652897822,
        "z_geometric_mean_rank": 6.1389225828023095,
        "z_hits_at_k": 0.0,
        "z_inverse_harmonic_mean_rank": 12.06510372157643
      },
      "realistic": {
        "adjusted_arithmetic_mean_rank": 0.245810063857606,
        "adjusted_arithmetic_mean_rank_index": 0.9310344728930243,
        "adjusted_geometric_mean_rank_index": 0.9329990226670762,
        "adjusted_hits_at_k": 0.0,
        "adjusted_inverse_harmonic_mean_rank": 0.7890168968813573,
        "arithmetic_mean_rank": 1.2941176891326904,
        "count": 34.0,
        "geometric_mean_rank": 1.2261348962783813,
        "harmonic_mean_rank": 1.1724137931034482,
        "hits_at_1": 0.7058823529411765,
        "hits_at_10": 1.0,
        "hits_at_3": 1.0,
        "hits_at_5": 1.0,
        "inverse_arithmetic_mean_rank": 0.7727272510528564,
        "inverse_geometric_mean_rank": 0.8155709505081177,
        "inverse_harmonic_mean_rank": 0.8529411764705883,
        "inverse_median_rank": 1.0,
        "median_absolute_deviation": 0.0,
        "median_rank": 1.0,
        "standard_deviation": 0.4556450843811035,
        "variance": 0.20761245489120483,
        "z_arithmetic_mean_rank": 8.451266439425376,
        "z_geometric_mean_rank": 6.138922479442538,
        "z_hits_at_k": 0.0,
        "z_inverse_harmonic_mean_rank": 12.06510372157643
      }
    },
    "tail": {
      "optimistic": {
        "adjusted_arithmetic_mean_rank": 0.24444444444444446,
        "adjusted_arithmetic_mean_rank_index": 0.9315068493150684,
        "adjusted_geometric_mean_rank_index": 0.9334486061590718,
        "adjusted_hits_at_k": 0.0,